product_id,product_name,category,unit_price,cost
1,Product_1,Books,404.83,313.51
2,Product_2,Books,212.21,132.62
3,Product_3,Clothing,75.71,43.37
4,Product_4,Sports,171.83,89.99
5,Product_5,Clothing,425.1,224.34
6,Product_6,Books,35.25,21.61
7,Product_7,Clothing,305.43,232.76
8,Product_8,Books,404.28,273.4
9,Product_9,Home,116.34,65.46
10,Product_10,Clothing,158.56,122.52
11,Product_11,Electronics,469.21,370.03
12,Product_12,Clothing,375.97,273.07
13,Product_13,Sports,350.86,249.51
14,Product_14,Home,458.41,305.13
15,Product_15,Home,196.52,129.72
16,Product_16,Sports,161.13,97.95
17,Product_17,Sports,238.34,176.57
18,Product_18,Clothing,383.2,228.41
19,Product_19,Books,191.65,119.62
20,Product_20,Electronics,433.4,313.08
21,Product_21,Books,137.78,107.53
22,Product_22,Clothing,362.81,213.53
23,Product_23,Clothing,171.63,105.37
24,Product_24,Home,254.66,177.34
25,Product_25,Sports,136.09,101.59
26,Product_26,Home,235.81,169.74
27,Product_27,Sports,92.94,66.55
28,Product_28,Electronics,100.18,76.82
29,Product_29,Electronics,266.73,200.51
30,Product_30,Electronics,473.14,331.42
31,Product_31,Clothing,212.07,159.64
32,Product_32,Clothing,43.3,23.61
33,Product_33,Books,257.81,157.77
34,Product_34,Sports,322.49,251.6
35,Product_35,Books,333.05,168.1
36,Product_36,Books,280.31,141.15
37,Product_37,Home,363.87,240.42
38,Product_38,Sports,18.4,13.69
39,Product_39,Electronics,405.02,313.05
40,Product_40,Clothing,459.84,302.26
41,Product_41,Home,104.05,68.46
42,Product_42,Home,140.99,87.28
43,Product_43,Clothing,480.06,306.13
44,Product_44,Electronics,495.21,281.16
45,Product_45,Electronics,330.33,250.21
46,Product_46,Books,55.82,34.26
47,Product_47,Clothing,243.24,168.08
48,Product_48,Home,50.52,38.07
49,Product_49,Electronics,287.27,217.57
50,Product_50,Clothing,448.45,347.88
51,Product_51,Books,113.59,86.38
52,Product_52,Electronics,243.0,124.89
53,Product_53,Books,345.37,201.73
54,Product_54,Home,286.12,145.88
55,Product_55,Clothing,17.67,9.93
56,Product_56,Sports,378.6,270.25
57,Product_57,Books,465.15,274.34
58,Product_58,Sports,127.83,95.92
59,Product_59,Sports,341.75,226.3
60,Product_60,Electronics,380.25,206.09
61,Product_61,Electronics,255.39,202.34
62,Product_62,Electronics,57.87,32.97
63,Product_63,Books,176.89,129.25
64,Product_64,Electronics,204.38,149.62
65,Product_65,Sports,320.72,235.75
66,Product_66,Sports,250.4,151.93
67,Product_67,Sports,221.61,155.99
68,Product_68,Clothing,51.99,35.64
69,Product_69,Clothing,359.42,188.56
70,Product_70,Clothing,196.2,144.24
71,Product_71,Electronics,372.43,221.6
72,Product_72,Sports,54.85,42.94
73,Product_73,Clothing,186.36,108.26
74,Product_74,Books,52.78,33.21
75,Product_75,Electronics,281.82,175.41
76,Product_76,Books,53.91,35.92
77,Product_77,Sports,303.04,181.01
78,Product_78,Electronics,16.05,10.02
79,Product_79,Clothing,365.17,243.88
80,Product_80,Sports,290.26,159.9
81,Product_81,Home,93.06,54.04
82,Product_82,Sports,251.63,130.59
83,Product_83,Electronics,145.22,85.67
84,Product_84,Sports,186.95,146.43
85,Product_85,Electronics,300.97,168.14
86,Product_86,Sports,76.39,38.35
87,Product_87,Home,172.79,118.54
88,Product_88,Books,225.71,142.01
89,Product_89,Clothing,76.7,45.73
90,Product_90,Sports,244.71,135.4
91,Product_91,Sports,484.68,284.72
92,Product_92,Home,484.2,355.69
93,Product_93,Sports,194.27,144.72
94,Product_94,Clothing,188.86,147.24
95,Product_95,Books,300.19,199.23
96,Product_96,Clothing,23.19,16.65
97,Product_97,Electronics,224.84,132.07
98,Product_98,Sports,411.29,303.82
99,Product_99,Home,339.76,184.07
100,Product_100,Sports,128.59,89.7
101,Product_101,Books,396.65,207.13
102,Product_102,Books,244.83,151.85
103,Product_103,Sports,462.51,351.92
104,Product_104,Home,276.39,203.76
105,Product_105,Books,353.8,263.12
106,Product_106,Clothing,322.71,169.58
107,Product_107,Books,332.22,201.49
108,Product_108,Sports,31.71,25.21
109,Product_109,Sports,483.74,289.99
110,Product_110,Clothing,61.91,32.79
111,Product_111,Books,260.23,170.62
112,Product_112,Home,346.96,196.49
113,Product_113,Books,201.66,147.56
114,Product_114,Electronics,348.31,189.91
115,Product_115,Electronics,246.56,145.13
116,Product_116,Clothing,66.87,52.31
117,Product_117,Clothing,180.68,108.94
118,Product_118,Electronics,265.35,160.4
119,Product_119,Home,224.7,159.32
120,Product_120,Electronics,42.92,22.04
121,Product_121,Electronics,21.07,12.7
122,Product_122,Clothing,341.8,187.75
123,Product_123,Home,262.84,174.94
124,Product_124,Clothing,284.33,223.92
125,Product_125,Clothing,400.9,276.19
126,Product_126,Electronics,323.83,203.9
127,Product_127,Sports,371.32,284.03
128,Product_128,Clothing,300.18,185.11
129,Product_129,Electronics,110.83,80.43
130,Product_130,Books,292.9,216.7
131,Product_131,Sports,101.61,60.74
132,Product_132,Sports,65.84,46.17
133,Product_133,Books,268.58,185.79
134,Product_134,Electronics,200.43,123.82
135,Product_135,Books,180.48,136.02
136,Product_136,Home,94.54,66.37
137,Product_137,Clothing,460.15,311.54
138,Product_138,Electronics,163.46,93.43
139,Product_139,Books,99.69,70.58
140,Product_140,Books,200.35,136.02
141,Product_141,Books,198.02,110.04
142,Product_142,Clothing,349.78,242.6
143,Product_143,Clothing,281.91,182.37
144,Product_144,Books,101.68,76.52
145,Product_145,Electronics,36.27,22.04
146,Product_146,Sports,247.46,138.22
147,Product_147,Sports,482.28,314.27
148,Product_148,Sports,210.48,136.29
149,Product_149,Electronics,249.46,130.92
150,Product_150,Electronics,399.98,226.45
151,Product_151,Clothing,144.68,95.67
152,Product_152,Sports,392.56,262.9
153,Product_153,Electronics,279.37,149.17
154,Product_154,Home,141.27,93.65
155,Product_155,Sports,275.6,200.37
156,Product_156,Electronics,277.71,221.32
157,Product_157,Clothing,370.63,258.0
158,Product_158,Sports,155.88,124.67
159,Product_159,Electronics,138.78,105.29
160,Product_160,Clothing,225.14,179.7
161,Product_161,Home,112.84,81.39
162,Product_162,Sports,431.91,295.03
163,Product_163,Clothing,91.33,49.48
164,Product_164,Books,408.63,303.05
165,Product_165,Books,181.9,106.29
166,Product_166,Home,92.5,73.42
167,Product_167,Books,151.77,88.06
168,Product_168,Electronics,492.89,346.89
169,Product_169,Sports,76.44,55.42
170,Product_170,Clothing,460.2,367.12
171,Product_171,Clothing,353.7,190.93
172,Product_172,Sports,358.58,268.41
173,Product_173,Home,249.83,168.19
174,Product_174,Electronics,317.63,194.56
175,Product_175,Electronics,320.48,244.86
176,Product_176,Home,207.4,150.35
177,Product_177,Books,232.8,150.49
178,Product_178,Electronics,11.21,8.21
179,Product_179,Home,368.16,234.71
180,Product_180,Sports,426.55,315.09
181,Product_181,Clothing,116.74,73.42
182,Product_182,Home,252.41,150.65
183,Product_183,Books,175.5,118.18
184,Product_184,Electronics,427.69,314.99
185,Product_185,Sports,32.51,22.36
186,Product_186,Clothing,17.98,14.0
187,Product_187,Sports,226.23,113.16
188,Product_188,Clothing,109.14,77.12
189,Product_189,Home,442.25,261.18
190,Product_190,Electronics,55.74,33.9
191,Product_191,Clothing,192.2,148.21
192,Product_192,Clothing,35.38,24.33
193,Product_193,Electronics,220.32,116.19
194,Product_194,Clothing,10.53,6.77
195,Product_195,Sports,300.9,197.34
196,Product_196,Electronics,14.55,10.31
197,Product_197,Clothing,494.2,309.71
198,Product_198,Electronics,244.07,138.8
199,Product_199,Home,368.07,195.35
200,Product_200,Sports,190.11,112.12
201,Product_201,Clothing,389.0,282.39
202,Product_202,Electronics,324.37,228.08
203,Product_203,Clothing,269.95,135.66
204,Product_204,Clothing,225.65,161.73
205,Product_205,Sports,460.75,315.53
206,Product_206,Electronics,431.38,226.91
207,Product_207,Sports,78.61,42.21
208,Product_208,Clothing,182.25,114.6
209,Product_209,Clothing,131.42,91.12
210,Product_210,Books,281.16,191.19
211,Product_211,Electronics,149.61,117.05
212,Product_212,Home,425.47,296.77
213,Product_213,Clothing,110.67,75.49
214,Product_214,Electronics,376.44,221.6
215,Product_215,Clothing,394.06,290.87
216,Product_216,Sports,252.49,134.78
217,Product_217,Electronics,322.66,168.2
218,Product_218,Clothing,493.57,385.07
219,Product_219,Sports,199.55,150.0
220,Product_220,Sports,189.05,133.26
221,Product_221,Electronics,477.68,349.24
222,Product_222,Clothing,297.81,150.14
223,Product_223,Sports,29.52,15.3
224,Product_224,Books,258.24,177.82
225,Product_225,Sports,385.88,241.97
226,Product_226,Books,50.39,33.31
227,Product_227,Electronics,84.81,44.53
228,Product_228,Clothing,260.54,146.15
229,Product_229,Electronics,272.83,168.4
230,Product_230,Clothing,161.98,102.25
231,Product_231,Sports,38.37,20.18
232,Product_232,Electronics,66.83,45.69
233,Product_233,Clothing,161.55,116.72
234,Product_234,Electronics,68.53,48.82
235,Product_235,Books,90.28,70.95
236,Product_236,Home,263.44,196.72
237,Product_237,Home,91.81,49.4
238,Product_238,Electronics,369.14,197.64
239,Product_239,Books,174.16,109.51
240,Product_240,Books,41.3,29.48
241,Product_241,Books,317.49,206.0
242,Product_242,Books,186.46,121.18
243,Product_243,Electronics,91.77,50.22
244,Product_244,Electronics,448.19,314.74
245,Product_245,Electronics,121.92,79.57
246,Product_246,Electronics,430.76,216.97
247,Product_247,Clothing,241.16,148.29
248,Product_248,Electronics,97.69,76.99
249,Product_249,Sports,280.9,217.47
250,Product_250,Home,120.01,68.94
251,Product_251,Home,142.92,74.8
252,Product_252,Electronics,68.51,48.09
253,Product_253,Electronics,97.88,72.56
254,Product_254,Sports,477.5,248.62
255,Product_255,Home,434.36,317.98
256,Product_256,Electronics,170.38,113.46
257,Product_257,Home,190.77,112.07
258,Product_258,Home,372.39,213.3
259,Product_259,Clothing,299.93,194.36
260,Product_260,Clothing,368.91,244.94
261,Product_261,Electronics,83.78,65.32
262,Product_262,Electronics,124.17,74.99
263,Product_263,Sports,475.99,238.2
264,Product_264,Electronics,426.01,305.95
265,Product_265,Sports,110.55,87.88
266,Product_266,Clothing,251.09,130.06
267,Product_267,Clothing,358.71,189.37
268,Product_268,Home,449.67,294.95
269,Product_269,Books,234.64,169.97
270,Product_270,Sports,56.83,30.69
271,Product_271,Sports,46.67,31.29
272,Product_272,Home,334.6,180.42
273,Product_273,Sports,137.89,81.98
274,Product_274,Home,353.36,254.63
275,Product_275,Clothing,231.85,132.17
276,Product_276,Electronics,76.69,56.06
277,Product_277,Sports,86.15,47.32
278,Product_278,Home,163.88,87.88
279,Product_279,Home,482.67,271.4
280,Product_280,Electronics,237.04,179.14
281,Product_281,Books,87.23,61.57
282,Product_282,Home,29.76,22.34
283,Product_283,Home,82.68,58.98
284,Product_284,Home,204.16,105.08
285,Product_285,Electronics,137.48,109.6
286,Product_286,Books,476.53,360.44
287,Product_287,Sports,376.56,216.51
288,Product_288,Electronics,59.93,44.24
289,Product_289,Clothing,15.86,11.88
290,Product_290,Home,74.05,55.32
291,Product_291,Electronics,346.28,270.54
292,Product_292,Electronics,295.34,170.6
293,Product_293,Sports,20.68,10.74
294,Product_294,Home,406.56,214.5
295,Product_295,Electronics,70.04,54.82
296,Product_296,Sports,92.31,62.05
297,Product_297,Sports,253.1,155.61
298,Product_298,Clothing,94.68,53.44
299,Product_299,Clothing,144.74,91.74
300,Product_300,Clothing,26.98,18.5
301,Product_301,Books,327.17,212.55
302,Product_302,Sports,244.73,128.81
303,Product_303,Books,77.25,43.25
304,Product_304,Books,132.08,105.43
305,Product_305,Home,399.47,318.31
306,Product_306,Home,245.05,179.97
307,Product_307,Sports,457.21,297.51
308,Product_308,Books,142.51,72.37
309,Product_309,Home,117.32,90.19
310,Product_310,Books,38.71,30.87
311,Product_311,Clothing,185.14,125.01
312,Product_312,Clothing,487.25,258.26
313,Product_313,Electronics,140.6,104.73
314,Product_314,Books,384.38,301.48
315,Product_315,Home,424.79,314.01
316,Product_316,Clothing,468.25,373.41
317,Product_317,Home,96.29,65.26
318,Product_318,Home,457.85,232.8
319,Product_319,Books,474.3,317.35
320,Product_320,Sports,474.7,356.5
321,Product_321,Electronics,275.64,152.34
322,Product_322,Clothing,54.23,30.9
323,Product_323,Home,19.76,12.71
324,Product_324,Clothing,459.77,257.67
325,Product_325,Home,176.97,97.91
326,Product_326,Clothing,39.18,21.33
327,Product_327,Home,389.44,293.62
328,Product_328,Sports,480.67,294.21
329,Product_329,Home,297.15,178.58
330,Product_330,Sports,76.86,42.06
331,Product_331,Home,398.0,313.7
332,Product_332,Books,95.36,75.39
333,Product_333,Books,395.63,224.31
334,Product_334,Home,409.08,250.98
335,Product_335,Books,72.4,52.03
336,Product_336,Books,201.88,161.16
337,Product_337,Books,25.87,17.61
338,Product_338,Sports,118.24,79.18
339,Product_339,Clothing,78.92,57.11
340,Product_340,Electronics,179.94,107.22
341,Product_341,Home,412.61,289.24
342,Product_342,Clothing,228.85,132.63
343,Product_343,Electronics,349.66,211.59
344,Product_344,Sports,363.0,186.74
345,Product_345,Sports,368.97,291.76
346,Product_346,Books,251.61,154.39
347,Product_347,Books,193.92,145.18
348,Product_348,Clothing,328.98,232.31
349,Product_349,Electronics,231.13,170.98
350,Product_350,Electronics,154.51,92.03
351,Product_351,Sports,46.36,25.55
352,Product_352,Electronics,88.84,46.42
353,Product_353,Sports,175.6,139.7
354,Product_354,Clothing,355.21,223.57
355,Product_355,Electronics,307.59,193.86
356,Product_356,Clothing,59.62,33.49
357,Product_357,Books,210.55,140.28
358,Product_358,Clothing,139.98,81.81
359,Product_359,Books,57.0,35.22
360,Product_360,Home,421.53,230.19
361,Product_361,Books,11.87,6.25
362,Product_362,Clothing,245.36,129.82
363,Product_363,Electronics,93.71,55.06
364,Product_364,Sports,242.05,129.41
365,Product_365,Home,240.76,185.02
366,Product_366,Clothing,54.66,36.25
367,Product_367,Clothing,191.8,117.85
368,Product_368,Sports,228.43,132.26
369,Product_369,Books,139.07,104.46
370,Product_370,Electronics,40.2,29.17
371,Product_371,Books,52.0,31.36
372,Product_372,Clothing,212.85,154.73
373,Product_373,Books,281.26,211.57
374,Product_374,Sports,215.13,142.13
375,Product_375,Home,290.63,165.86
376,Product_376,Electronics,48.69,37.53
377,Product_377,Books,256.03,197.18
378,Product_378,Electronics,341.99,234.63
379,Product_379,Clothing,475.13,301.57
380,Product_380,Clothing,486.36,361.14
381,Product_381,Sports,30.91,16.18
382,Product_382,Clothing,108.94,81.35
383,Product_383,Electronics,418.71,241.75
384,Product_384,Books,52.64,35.11
385,Product_385,Sports,169.8,98.97
386,Product_386,Books,459.41,231.41
387,Product_387,Electronics,297.91,218.82
388,Product_388,Books,213.08,116.01
389,Product_389,Electronics,295.51,233.29
390,Product_390,Electronics,463.21,309.8
391,Product_391,Home,395.02,300.31
392,Product_392,Sports,440.17,254.96
393,Product_393,Clothing,290.29,186.34
394,Product_394,Books,144.95,78.73
395,Product_395,Sports,343.6,213.21
396,Product_396,Clothing,445.89,267.29
397,Product_397,Home,34.15,21.94
398,Product_398,Home,449.55,227.5
399,Product_399,Electronics,162.37,122.24
400,Product_400,Home,486.52,276.53
401,Product_401,Home,487.37,308.47
402,Product_402,Electronics,142.02,88.77
403,Product_403,Sports,102.09,57.52
404,Product_404,Home,373.06,271.53
405,Product_405,Clothing,412.3,269.88
406,Product_406,Sports,42.15,30.05
407,Product_407,Books,76.47,57.76
408,Product_408,Clothing,24.18,13.49
409,Product_409,Sports,420.12,241.5
410,Product_410,Clothing,34.77,21.14
411,Product_411,Books,144.25,107.76
412,Product_412,Electronics,204.5,158.88
413,Product_413,Sports,128.55,83.13
414,Product_414,Books,97.02,73.85
415,Product_415,Home,280.15,169.01
416,Product_416,Home,376.99,266.4
417,Product_417,Books,23.45,12.07
418,Product_418,Clothing,392.12,221.27
419,Product_419,Home,327.22,230.14
420,Product_420,Electronics,329.28,215.34
421,Product_421,Clothing,242.31,130.77
422,Product_422,Home,304.56,153.05
423,Product_423,Home,308.09,241.2
424,Product_424,Home,217.67,133.42
425,Product_425,Home,234.91,132.83
426,Product_426,Sports,341.83,255.45
427,Product_427,Home,296.4,148.85
428,Product_428,Home,285.11,193.34
429,Product_429,Electronics,156.25,83.19
430,Product_430,Home,174.78,101.89
431,Product_431,Home,432.13,249.92
432,Product_432,Clothing,102.3,67.03
433,Product_433,Books,450.85,334.36
434,Product_434,Clothing,208.01,123.95
435,Product_435,Home,363.43,253.17
436,Product_436,Sports,137.12,85.78
437,Product_437,Books,371.0,250.39
438,Product_438,Clothing,409.85,247.12
439,Product_439,Sports,346.3,239.46
440,Product_440,Books,454.2,318.65
441,Product_441,Books,157.1,86.56
442,Product_442,Clothing,98.76,52.27
443,Product_443,Books,373.05,267.68
444,Product_444,Home,383.83,213.0
445,Product_445,Clothing,330.67,187.38
446,Product_446,Home,374.66,221.85
447,Product_447,Sports,192.12,129.81
448,Product_448,Books,427.09,273.83
449,Product_449,Sports,294.35,201.98
450,Product_450,Sports,445.82,289.85
451,Product_451,Clothing,269.62,168.22
452,Product_452,Sports,77.31,43.3
453,Product_453,Sports,493.72,379.1
454,Product_454,Clothing,80.18,60.83
455,Product_455,Clothing,391.68,253.13
456,Product_456,Sports,163.57,84.63
457,Product_457,Clothing,144.03,104.91
458,Product_458,Electronics,292.38,160.09
459,Product_459,Sports,73.41,46.26
460,Product_460,Sports,207.66,163.97
461,Product_461,Home,12.29,8.11
462,Product_462,Books,475.53,365.02
463,Product_463,Clothing,103.38,72.68
464,Product_464,Home,120.87,92.24
465,Product_465,Books,73.18,45.01
466,Product_466,Electronics,160.0,83.13
467,Product_467,Books,156.12,91.68
468,Product_468,Clothing,302.22,181.74
469,Product_469,Home,177.94,137.09
470,Product_470,Sports,377.56,207.46
471,Product_471,Clothing,19.37,10.99
472,Product_472,Books,113.48,57.49
473,Product_473,Electronics,92.8,56.61
474,Product_474,Books,193.84,134.16
475,Product_475,Electronics,315.34,213.86
476,Product_476,Electronics,334.37,232.75
477,Product_477,Sports,33.64,17.99
478,Product_478,Sports,196.32,130.39
479,Product_479,Electronics,353.92,198.78
480,Product_480,Books,157.55,110.05
481,Product_481,Clothing,142.29,97.0
482,Product_482,Books,215.22,165.63
483,Product_483,Electronics,362.2,193.89
484,Product_484,Books,394.53,256.18
485,Product_485,Books,107.88,62.45
486,Product_486,Sports,486.83,295.69
487,Product_487,Sports,154.72,79.19
488,Product_488,Sports,456.07,322.2
489,Product_489,Electronics,172.0,86.14
490,Product_490,Sports,454.37,341.04
491,Product_491,Books,83.08,43.79
492,Product_492,Home,46.77,33.54
493,Product_493,Home,325.73,207.5
494,Product_494,Clothing,139.42,71.8
495,Product_495,Home,438.33,331.23
496,Product_496,Electronics,402.78,239.18
497,Product_497,Electronics,56.55,41.14
498,Product_498,Clothing,14.74,7.98
499,Product_499,Books,171.04,131.42
500,Product_500,Home,141.47,101.85
501,Product_501,Sports,409.33,227.12
502,Product_502,Sports,206.12,131.29
503,Product_503,Sports,348.05,223.96
504,Product_504,Electronics,327.93,242.36
505,Product_505,Clothing,74.93,53.79
506,Product_506,Sports,60.82,47.04
507,Product_507,Clothing,403.11,283.6
508,Product_508,Books,309.55,227.13
509,Product_509,Clothing,24.12,17.01
510,Product_510,Sports,246.71,159.48
511,Product_511,Home,225.94,117.26
512,Product_512,Books,16.06,12.21
513,Product_513,Books,386.09,259.84
514,Product_514,Home,119.75,94.21
515,Product_515,Books,264.36,186.76
516,Product_516,Clothing,56.67,39.58
517,Product_517,Sports,246.15,172.09
518,Product_518,Books,82.84,61.96
519,Product_519,Clothing,36.74,25.46
520,Product_520,Sports,257.73,165.15
521,Product_521,Sports,436.01,227.8
522,Product_522,Home,167.11,100.14
523,Product_523,Sports,34.67,19.65
524,Product_524,Sports,207.61,118.44
525,Product_525,Electronics,227.65,152.96
526,Product_526,Electronics,429.73,272.5
527,Product_527,Electronics,490.53,354.93
528,Product_528,Books,60.3,37.61
529,Product_529,Books,279.06,208.67
530,Product_530,Books,481.95,333.15
531,Product_531,Sports,285.54,198.84
532,Product_532,Electronics,475.67,289.68
533,Product_533,Home,410.13,308.95
534,Product_534,Sports,284.47,195.13
535,Product_535,Sports,361.16,219.94
536,Product_536,Clothing,65.87,47.94
537,Product_537,Home,11.08,6.72
538,Product_538,Electronics,278.37,170.41
539,Product_539,Clothing,32.43,17.81
540,Product_540,Sports,412.7,298.28
541,Product_541,Clothing,62.41,42.64
542,Product_542,Clothing,69.17,52.27
543,Product_543,Home,233.95,171.82
544,Product_544,Books,62.81,39.21
545,Product_545,Sports,70.38,54.02
546,Product_546,Clothing,332.64,261.74
547,Product_547,Electronics,482.29,241.77
548,Product_548,Books,281.08,177.04
549,Product_549,Clothing,246.64,160.93
550,Product_550,Clothing,348.99,192.68
551,Product_551,Books,60.74,42.35
552,Product_552,Sports,442.52,288.18
553,Product_553,Clothing,215.15,146.88
554,Product_554,Home,144.06,113.67
555,Product_555,Sports,231.89,125.22
556,Product_556,Books,305.24,233.79
557,Product_557,Home,156.47,111.16
558,Product_558,Clothing,358.82,280.11
559,Product_559,Home,108.44,74.53
560,Product_560,Clothing,346.44,268.96
561,Product_561,Clothing,490.85,341.15
562,Product_562,Home,256.91,181.97
563,Product_563,Books,358.07,260.76
564,Product_564,Sports,245.38,164.7
565,Product_565,Books,340.38,261.47
566,Product_566,Electronics,150.1,113.2
567,Product_567,Clothing,266.14,135.09
568,Product_568,Home,36.0,18.61
569,Product_569,Home,377.59,207.03
570,Product_570,Electronics,344.86,187.58
571,Product_571,Books,348.39,205.04
572,Product_572,Electronics,25.83,19.22
573,Product_573,Books,311.89,219.15
574,Product_574,Books,433.77,313.5
575,Product_575,Home,200.55,131.01
576,Product_576,Sports,349.54,179.7
577,Product_577,Home,199.9,157.32
578,Product_578,Home,483.26,249.43
579,Product_579,Sports,109.51,83.3
580,Product_580,Home,416.69,322.29
581,Product_581,Books,380.0,252.31
582,Product_582,Clothing,106.27,76.25
583,Product_583,Electronics,154.15,85.28
584,Product_584,Books,101.62,56.11
585,Product_585,Home,68.48,35.07
586,Product_586,Books,282.73,152.4
587,Product_587,Sports,424.55,212.99
588,Product_588,Clothing,357.75,195.49
589,Product_589,Books,465.03,315.79
590,Product_590,Books,423.14,249.8
591,Product_591,Home,279.58,145.9
592,Product_592,Books,267.44,210.5
593,Product_593,Sports,43.41,28.28
594,Product_594,Home,276.11,171.47
595,Product_595,Home,118.39,66.77
596,Product_596,Books,172.22,101.28
597,Product_597,Electronics,269.94,215.68
598,Product_598,Clothing,66.21,39.98
599,Product_599,Books,453.2,310.04
600,Product_600,Home,129.48,66.29
601,Product_601,Electronics,196.87,145.46
602,Product_602,Home,199.08,131.81
603,Product_603,Home,22.11,14.48
604,Product_604,Sports,262.01,170.99
605,Product_605,Clothing,31.49,24.23
606,Product_606,Electronics,166.95,87.6
607,Product_607,Books,92.02,72.41
608,Product_608,Clothing,271.27,186.66
609,Product_609,Sports,338.46,247.78
610,Product_610,Sports,419.48,235.61
611,Product_611,Clothing,326.81,255.54
612,Product_612,Electronics,21.64,15.47
613,Product_613,Home,52.89,27.31
614,Product_614,Clothing,283.46,190.62
615,Product_615,Sports,456.38,284.0
616,Product_616,Electronics,318.81,200.82
617,Product_617,Electronics,200.86,107.56
618,Product_618,Books,324.3,222.31
619,Product_619,Home,32.3,24.37
620,Product_620,Home,464.74,247.17
621,Product_621,Sports,307.22,179.56
622,Product_622,Electronics,196.89,147.01
623,Product_623,Clothing,242.25,159.89
624,Product_624,Books,375.91,277.81
625,Product_625,Home,154.54,106.67
626,Product_626,Home,341.87,264.69
627,Product_627,Books,479.12,241.16
628,Product_628,Books,79.27,40.63
629,Product_629,Electronics,302.36,199.9
630,Product_630,Home,159.3,115.41
631,Product_631,Books,113.75,87.78
632,Product_632,Books,79.8,44.3
633,Product_633,Clothing,419.03,233.94
634,Product_634,Electronics,338.78,227.05
635,Product_635,Books,427.18,333.08
636,Product_636,Home,236.02,156.93
637,Product_637,Clothing,339.13,195.07
638,Product_638,Home,365.54,236.2
639,Product_639,Clothing,185.0,129.76
640,Product_640,Clothing,59.02,40.48
641,Product_641,Books,165.72,105.26
642,Product_642,Clothing,333.12,235.86
643,Product_643,Home,287.12,174.96
644,Product_644,Home,479.74,264.14
645,Product_645,Sports,130.63,74.0
646,Product_646,Home,145.57,88.48
647,Product_647,Home,440.16,281.2
648,Product_648,Electronics,389.64,251.74
649,Product_649,Home,96.13,65.56
650,Product_650,Books,430.77,233.48
651,Product_651,Electronics,106.25,76.51
652,Product_652,Books,366.44,281.29
653,Product_653,Books,319.5,237.64
654,Product_654,Electronics,208.52,141.17
655,Product_655,Books,280.28,185.84
656,Product_656,Home,241.33,176.79
657,Product_657,Books,202.32,155.27
658,Product_658,Sports,369.28,216.88
659,Product_659,Home,255.55,134.72
660,Product_660,Books,256.06,178.94
661,Product_661,Clothing,345.24,251.05
662,Product_662,Books,228.65,126.61
663,Product_663,Sports,333.11,263.26
664,Product_664,Sports,470.2,240.8
665,Product_665,Clothing,123.56,71.58
666,Product_666,Home,30.98,17.41
667,Product_667,Electronics,200.17,155.21
668,Product_668,Electronics,29.55,20.52
669,Product_669,Home,354.83,232.91
670,Product_670,Books,419.09,242.65
671,Product_671,Sports,289.38,177.39
672,Product_672,Electronics,189.0,131.54
673,Product_673,Clothing,263.16,161.29
674,Product_674,Home,263.02,159.36
675,Product_675,Books,248.56,160.23
676,Product_676,Sports,13.23,10.12
677,Product_677,Home,91.15,47.68
678,Product_678,Home,113.64,63.19
679,Product_679,Clothing,304.99,227.24
680,Product_680,Electronics,213.16,127.7
681,Product_681,Clothing,245.94,158.3
682,Product_682,Sports,299.49,207.9
683,Product_683,Books,21.0,10.77
684,Product_684,Books,300.25,162.26
685,Product_685,Electronics,29.2,19.61
686,Product_686,Books,91.51,71.08
687,Product_687,Books,479.54,325.99
688,Product_688,Home,322.44,246.2
689,Product_689,Books,474.15,267.88
690,Product_690,Clothing,496.46,377.4
691,Product_691,Clothing,117.49,73.22
692,Product_692,Clothing,399.36,297.98
693,Product_693,Clothing,315.37,206.01
694,Product_694,Sports,364.85,219.93
695,Product_695,Sports,302.3,157.39
696,Product_696,Clothing,198.88,105.92
697,Product_697,Sports,266.13,205.67
698,Product_698,Clothing,414.99,282.88
699,Product_699,Electronics,243.18,166.44
700,Product_700,Electronics,440.1,290.21
701,Product_701,Books,55.66,38.84
702,Product_702,Sports,274.25,137.22
703,Product_703,Electronics,265.8,162.43
704,Product_704,Sports,351.84,221.2
705,Product_705,Books,396.88,243.83
706,Product_706,Books,404.26,312.23
707,Product_707,Sports,57.88,31.26
708,Product_708,Electronics,385.27,297.82
709,Product_709,Sports,148.8,113.54
710,Product_710,Electronics,136.32,68.38
711,Product_711,Electronics,293.21,156.97
712,Product_712,Home,193.76,108.82
713,Product_713,Sports,210.33,111.89
714,Product_714,Books,329.27,189.69
715,Product_715,Home,217.55,132.64
716,Product_716,Clothing,495.98,307.13
717,Product_717,Sports,212.48,156.2
718,Product_718,Sports,97.57,65.15
719,Product_719,Home,134.35,79.53
720,Product_720,Clothing,389.36,241.18
721,Product_721,Clothing,428.95,299.31
722,Product_722,Clothing,228.83,162.42
723,Product_723,Home,59.14,38.59
724,Product_724,Electronics,402.42,275.34
725,Product_725,Electronics,88.76,70.06
726,Product_726,Sports,404.14,301.88
727,Product_727,Electronics,463.67,292.4
728,Product_728,Books,138.92,84.91
729,Product_729,Sports,28.5,17.54
730,Product_730,Books,310.84,204.0
731,Product_731,Clothing,38.16,27.94
732,Product_732,Clothing,323.74,204.5
733,Product_733,Books,426.78,332.56
734,Product_734,Books,150.14,76.58
735,Product_735,Books,260.17,184.6
736,Product_736,Clothing,93.05,47.53
737,Product_737,Electronics,330.96,262.35
738,Product_738,Home,498.44,365.81
739,Product_739,Clothing,338.13,210.19
740,Product_740,Electronics,263.69,190.14
741,Product_741,Books,460.4,306.11
742,Product_742,Home,458.35,277.04
743,Product_743,Sports,120.88,95.36
744,Product_744,Home,465.56,313.08
745,Product_745,Books,95.77,62.43
746,Product_746,Electronics,45.47,26.75
747,Product_747,Books,403.44,317.51
748,Product_748,Sports,408.44,274.66
749,Product_749,Clothing,483.37,323.35
750,Product_750,Sports,381.16,300.5
751,Product_751,Electronics,343.98,264.51
752,Product_752,Sports,246.17,142.13
753,Product_753,Clothing,320.49,255.83
754,Product_754,Home,402.08,250.79
755,Product_755,Home,263.09,132.31
756,Product_756,Home,131.65,69.5
757,Product_757,Sports,47.25,36.83
758,Product_758,Books,163.8,92.64
759,Product_759,Clothing,141.85,111.23
760,Product_760,Clothing,254.51,142.5
761,Product_761,Clothing,437.64,245.97
762,Product_762,Home,419.12,314.72
763,Product_763,Electronics,86.44,45.99
764,Product_764,Books,341.15,238.47
765,Product_765,Electronics,13.25,10.03
766,Product_766,Home,425.53,260.15
767,Product_767,Books,251.25,199.9
768,Product_768,Books,435.7,282.0
769,Product_769,Books,147.33,83.48
770,Product_770,Sports,72.84,47.91
771,Product_771,Books,244.38,161.84
772,Product_772,Clothing,180.17,136.59
773,Product_773,Books,234.03,125.47
774,Product_774,Electronics,235.43,166.39
775,Product_775,Electronics,340.31,208.89
776,Product_776,Home,169.46,115.88
777,Product_777,Home,101.7,58.87
778,Product_778,Home,240.96,164.8
779,Product_779,Sports,100.12,62.79
780,Product_780,Sports,353.35,216.14
781,Product_781,Clothing,147.02,81.44
782,Product_782,Electronics,489.84,345.73
783,Product_783,Books,363.2,269.21
784,Product_784,Clothing,221.79,136.24
785,Product_785,Sports,402.02,290.08
786,Product_786,Sports,404.78,223.84
787,Product_787,Books,75.89,58.28
788,Product_788,Sports,271.65,161.56
789,Product_789,Books,157.02,104.99
790,Product_790,Clothing,33.38,17.68
791,Product_791,Sports,39.42,29.33
792,Product_792,Home,421.1,222.72
793,Product_793,Books,137.29,83.48
794,Product_794,Electronics,466.6,269.37
795,Product_795,Books,211.76,128.18
796,Product_796,Books,107.49,72.32
797,Product_797,Home,95.52,70.12
798,Product_798,Sports,169.29,110.57
799,Product_799,Home,445.92,273.94
800,Product_800,Clothing,237.24,186.7
801,Product_801,Sports,323.88,252.16
802,Product_802,Electronics,319.32,214.42
803,Product_803,Home,48.76,29.41
804,Product_804,Home,165.27,97.08
805,Product_805,Sports,306.64,189.7
806,Product_806,Books,392.68,306.93
807,Product_807,Clothing,265.26,168.46
808,Product_808,Clothing,100.1,50.74
809,Product_809,Electronics,334.39,261.54
810,Product_810,Electronics,113.18,70.07
811,Product_811,Books,41.26,31.51
812,Product_812,Books,36.37,26.6
813,Product_813,Home,384.85,202.04
814,Product_814,Sports,312.87,164.35
815,Product_815,Home,161.59,92.79
816,Product_816,Books,227.15,122.19
817,Product_817,Home,420.87,214.04
818,Product_818,Sports,431.58,257.9
819,Product_819,Home,238.92,181.88
820,Product_820,Books,278.79,150.7
821,Product_821,Books,96.75,65.72
822,Product_822,Books,223.14,154.4
823,Product_823,Books,161.73,97.71
824,Product_824,Home,121.29,63.9
825,Product_825,Home,189.23,109.36
826,Product_826,Clothing,15.17,9.97
827,Product_827,Electronics,178.5,114.38
828,Product_828,Sports,347.01,224.72
829,Product_829,Home,156.81,114.43
830,Product_830,Books,302.53,223.58
831,Product_831,Books,193.09,120.4
832,Product_832,Sports,224.18,128.9
833,Product_833,Electronics,415.93,235.49
834,Product_834,Books,216.9,124.04
835,Product_835,Home,405.71,286.18
836,Product_836,Home,327.74,216.17
837,Product_837,Clothing,212.32,160.52
838,Product_838,Sports,76.95,41.02
839,Product_839,Books,312.69,181.87
840,Product_840,Clothing,251.08,149.69
841,Product_841,Clothing,34.32,22.67
842,Product_842,Clothing,486.44,284.39
843,Product_843,Clothing,360.45,258.85
844,Product_844,Clothing,54.2,27.34
845,Product_845,Sports,177.54,105.37
846,Product_846,Electronics,499.0,318.91
847,Product_847,Clothing,171.82,129.39
848,Product_848,Electronics,37.46,27.45
849,Product_849,Home,276.16,153.13
850,Product_850,Electronics,410.45,307.21
851,Product_851,Sports,487.55,348.31
852,Product_852,Electronics,387.9,245.5
853,Product_853,Electronics,107.6,77.54
854,Product_854,Sports,265.36,210.86
855,Product_855,Home,200.67,158.2
856,Product_856,Books,87.72,63.02
857,Product_857,Home,265.25,152.78
858,Product_858,Clothing,107.37,82.27
859,Product_859,Sports,486.9,277.92
860,Product_860,Home,169.01,92.99
861,Product_861,Clothing,296.5,183.46
862,Product_862,Sports,14.38,7.37
863,Product_863,Electronics,347.32,189.81
864,Product_864,Books,131.87,85.71
865,Product_865,Electronics,175.83,139.06
866,Product_866,Books,39.29,27.24
867,Product_867,Clothing,397.82,213.93
868,Product_868,Home,165.2,110.27
869,Product_869,Clothing,404.71,255.62
870,Product_870,Clothing,20.46,12.55
871,Product_871,Sports,132.84,67.99
872,Product_872,Sports,283.92,188.19
873,Product_873,Home,102.99,57.26
874,Product_874,Books,168.6,107.99
875,Product_875,Electronics,458.09,305.25
876,Product_876,Home,270.26,171.57
877,Product_877,Books,275.39,175.21
878,Product_878,Electronics,195.73,108.76
879,Product_879,Books,313.67,191.09
880,Product_880,Books,127.01,90.98
881,Product_881,Sports,411.33,229.09
882,Product_882,Home,385.21,210.42
883,Product_883,Electronics,168.07,116.35
884,Product_884,Electronics,57.17,39.89
885,Product_885,Electronics,419.24,225.94
886,Product_886,Electronics,109.02,70.38
887,Product_887,Sports,25.59,17.72
888,Product_888,Books,332.38,218.62
889,Product_889,Books,135.41,82.59
890,Product_890,Clothing,361.74,182.29
891,Product_891,Electronics,331.32,257.94
892,Product_892,Home,239.35,165.55
893,Product_893,Sports,283.43,221.49
894,Product_894,Electronics,412.79,304.75
895,Product_895,Electronics,413.59,239.78
896,Product_896,Electronics,369.81,277.48
897,Product_897,Electronics,472.86,372.7
898,Product_898,Sports,59.6,33.93
899,Product_899,Clothing,102.84,67.65
900,Product_900,Books,289.31,226.89
901,Product_901,Electronics,377.11,235.53
902,Product_902,Sports,385.48,259.42
903,Product_903,Electronics,354.25,222.51
904,Product_904,Sports,91.74,50.83
905,Product_905,Books,257.3,179.4
906,Product_906,Home,499.23,315.96
907,Product_907,Home,452.22,300.74
908,Product_908,Sports,423.98,264.44
909,Product_909,Clothing,414.82,247.66
910,Product_910,Books,285.94,161.32
911,Product_911,Sports,463.81,267.26
912,Product_912,Electronics,229.27,141.95
913,Product_913,Books,491.65,333.7
914,Product_914,Electronics,76.19,58.45
915,Product_915,Home,157.16,89.04
916,Product_916,Home,20.63,15.4
917,Product_917,Books,460.36,300.79
918,Product_918,Electronics,463.7,253.37
919,Product_919,Home,235.58,128.82
920,Product_920,Clothing,189.87,128.1
921,Product_921,Books,135.56,79.99
922,Product_922,Electronics,205.9,159.65
923,Product_923,Clothing,364.55,268.99
924,Product_924,Books,249.26,191.86
925,Product_925,Home,411.56,217.55
926,Product_926,Sports,28.31,21.02
927,Product_927,Home,48.45,25.04
928,Product_928,Sports,180.49,134.49
929,Product_929,Clothing,465.82,249.76
930,Product_930,Electronics,376.36,284.09
931,Product_931,Electronics,320.6,221.1
932,Product_932,Books,159.34,81.64
933,Product_933,Clothing,286.81,171.53
934,Product_934,Sports,85.07,59.73
935,Product_935,Books,485.81,352.63
936,Product_936,Home,257.32,145.8
937,Product_937,Home,395.32,215.21
938,Product_938,Electronics,50.45,33.87
939,Product_939,Sports,278.59,161.24
940,Product_940,Clothing,255.89,187.35
941,Product_941,Clothing,383.4,247.02
942,Product_942,Clothing,249.05,173.26
943,Product_943,Books,284.97,227.73
944,Product_944,Sports,130.66,68.14
945,Product_945,Electronics,168.47,130.94
946,Product_946,Home,65.14,40.65
947,Product_947,Books,180.67,107.72
948,Product_948,Clothing,331.15,242.04
949,Product_949,Sports,493.95,338.29
950,Product_950,Clothing,315.36,199.35
951,Product_951,Electronics,107.85,66.02
952,Product_952,Books,65.06,33.59
953,Product_953,Home,464.1,353.01
954,Product_954,Electronics,16.73,11.85
955,Product_955,Home,159.51,102.3
956,Product_956,Clothing,112.41,74.35
957,Product_957,Books,277.75,201.4
958,Product_958,Clothing,246.68,177.36
959,Product_959,Sports,350.58,245.57
960,Product_960,Electronics,295.67,206.69
961,Product_961,Clothing,135.17,70.02
962,Product_962,Electronics,396.7,271.89
963,Product_963,Electronics,237.83,186.35
964,Product_964,Home,200.44,116.53
965,Product_965,Sports,433.5,219.23
966,Product_966,Electronics,123.27,75.71
967,Product_967,Books,452.9,292.3
968,Product_968,Books,270.46,150.36
969,Product_969,Electronics,483.73,323.23
970,Product_970,Home,29.48,22.9
971,Product_971,Clothing,173.45,107.2
972,Product_972,Home,19.0,13.4
973,Product_973,Books,316.36,180.6
974,Product_974,Home,145.18,75.29
975,Product_975,Electronics,440.55,337.95
976,Product_976,Clothing,472.63,370.89
977,Product_977,Clothing,84.34,64.87
978,Product_978,Books,53.02,32.59
979,Product_979,Sports,437.62,308.94
980,Product_980,Home,127.78,69.75
981,Product_981,Books,455.77,272.91
982,Product_982,Books,74.57,51.88
983,Product_983,Clothing,275.26,203.7
984,Product_984,Books,161.41,114.85
985,Product_985,Clothing,455.69,286.64
986,Product_986,Clothing,331.55,221.96
987,Product_987,Electronics,165.57,110.47
988,Product_988,Clothing,100.23,75.36
989,Product_989,Sports,366.27,267.24
990,Product_990,Home,480.99,284.27
991,Product_991,Clothing,84.46,46.99
992,Product_992,Books,100.53,73.26
993,Product_993,Books,312.3,212.89
994,Product_994,Electronics,123.15,70.15
995,Product_995,Sports,186.04,131.43
996,Product_996,Sports,75.7,57.07
997,Product_997,Sports,358.89,219.71
998,Product_998,Clothing,250.81,135.75
999,Product_999,Electronics,120.87,75.25
1000,Product_1000,Clothing,463.46,363.84
